2026	MaTriXy/babysitter-codex
734	MaTriXy/Anthropic-Cybersecurity-Skills
686	MaTriXy/claude-code-templates
263	MaTriXy/claude-flow
200	MaTriXy/everything-claude-code
65	MaTriXy/pm-skills
44	MaTriXy/claude-bootstrap
38	MaTriXy/skills-openai
35	MaTriXy/agent-skills-jdrhyne
34	MaTriXy/Continuous-Claude-v2
34	MaTriXy/noodle-go-skills
33	MaTriXy/marketingskills
28	MaTriXy/app-store-connect-cli-skills
27	MaTriXy/agent-coworker-tui
20	MaTriXy/mcp-scan
19	MaTriXy/agent-scripts
17	MaTriXy/claude-skills
15	MaTriXy/skill-scanner
11	MaTriXy/claude-skills-Swift-Server-Skills
11	MaTriXy/gemini-cli
10	MaTriXy/Skills-codex-ios
10	MaTriXy/claude-code
10	MaTriXy/claude-skills-library
10	MaTriXy/claude-workflow
10	MaTriXy/threejs-skills
9	MaTriXy/openclaw-banker-skills
9	MaTriXy/skills-shpigford
8	MaTriXy/claude-code-video-toolkit
8	MaTriXy/platform-design-skills
7	MaTriXy/n8n-skills
7	MaTriXy/sdlc-subagents-cli
7	MaTriXy/skills-ElevenLabs
6	MaTriXy/Claude-Code-Beads-Orchestration
6	MaTriXy/claude-code-best-practice
6	MaTriXy/skilld
6	MaTriXy/stitch-skills
5	MaTriXy/ia-agents
5	MaTriXy/x-algo-skills
4	MaTriXy/Claude-Code-Custom-Plugins
4	MaTriXy/claude-code-guide
4	MaTriXy/codex
4	MaTriXy/codex-cli
4	MaTriXy/skills-huggingface
4	MaTriXy/ui-skills-agents
3	MaTriXy/Claude-XcodePreviews
3	MaTriXy/agent-browser
3	MaTriXy/claude-mem
2	MaTriXy/ClaudeMeter
2	MaTriXy/SwiftUI-Agent-Skill
2	MaTriXy/XcodeBuildMCP
2	MaTriXy/agent-browser-skill
2	MaTriXy/agent-device
2	MaTriXy/agent-media
2	MaTriXy/last30days-skill-run
2	MaTriXy/open-claude-cowork
2	MaTriXy/skills-codex-ios-
2	MaTriXy/ui-ux-pro-max-skill
1	MaTriXy/Openstatus-Skills-for-Agents
1	MaTriXy/Swift-Concurrency-Agent-Skill
1	MaTriXy/Swift-Concurrency-Agent-Skill-pro
1	MaTriXy/Swift-Testing-Agent-Skill-pro
1	MaTriXy/SwiftData-Agent-Skill-pro
1	MaTriXy/SwiftUI-Agent-Skill-pro
1	MaTriXy/agent-media-skill
1	MaTriXy/agentation
1	MaTriXy/audio-reply-skill
1	MaTriXy/chrome-cdp-skill
1	MaTriXy/claudereview
1	MaTriXy/compose-skill
1	MaTriXy/debug-skill
1	MaTriXy/dexter-agent-finance
1	MaTriXy/gemini-skills
1	MaTriXy/generate-shortcuts-skill
1	MaTriXy/github-review-skill
1	MaTriXy/human-skill
1	MaTriXy/last30days-skill
1	MaTriXy/linear-skill
1	MaTriXy/postiz-agent
1	MaTriXy/proxySkillOpenClaw
1	MaTriXy/qmd-skill
1	MaTriXy/remotion-codex
1	MaTriXy/remotion-skills
1	MaTriXy/skills
1	MaTriXy/skills-heygen-api
1	MaTriXy/taste-skill
1	MaTriXy/webgpu-claude-skill
