MaTriXy/SwiftUI-Agent-Skill-pro	main
MaTriXy/agent-media-skill	main
MaTriXy/agent-media	main
MaTriXy/Skills-codex-ios	main
MaTriXy/gemini-cli	main
MaTriXy/Anthropic-Cybersecurity-Skills	main
MaTriXy/marketingskills	main
MaTriXy/sdlc-subagents-cli	main
MaTriXy/chrome-cdp-skill	main
MaTriXy/babysitter-codex	main
MaTriXy/agent-coworker-tui	main
MaTriXy/XcodeBuildMCP	main
MaTriXy/agent-scripts	main
MaTriXy/Swift-Testing-Agent-Skill-pro	main
MaTriXy/SwiftData-Agent-Skill-pro	main
MaTriXy/Swift-Concurrency-Agent-Skill-pro	main
MaTriXy/everything-claude-code	main
MaTriXy/codex-cli	main
MaTriXy/claude-code-guide	main
MaTriXy/debug-skill	master
MaTriXy/skills-openai	main
MaTriXy/agent-skills-jdrhyne	main
MaTriXy/skills-shpigford	main
MaTriXy/SwiftUI-Agent-Skill	main
MaTriXy/agent-device	main
MaTriXy/pm-skills	main
MaTriXy/last30days-skill-run	main
MaTriXy/app-store-connect-cli-skills	main
MaTriXy/claude-skills-Swift-Server-Skills	main
MaTriXy/noodle-go-skills	main
MaTriXy/claude-code	main
MaTriXy/skilld	main
MaTriXy/claude-flow	main
MaTriXy/mcp-scan	main
MaTriXy/compose-skill	master
MaTriXy/Claude-XcodePreviews	main
MaTriXy/agent-browser	main
MaTriXy/claude-code-templates	main
MaTriXy/claude-code-video-toolkit	main
MaTriXy/skill-scanner	main
MaTriXy/taste-skill	main
MaTriXy/github-review-skill	main
MaTriXy/claude-code-best-practice	main
MaTriXy/claudereview	main
MaTriXy/skills-codex-ios-	main
MaTriXy/Swift-Concurrency-Agent-Skill	main
MaTriXy/proxySkillOpenClaw	main
MaTriXy/codex	main
MaTriXy/ia-agents	main
MaTriXy/postiz-agent	main
MaTriXy/audio-reply-skill	main
MaTriXy/linear-skill	main
MaTriXy/gemini-skills	main
MaTriXy/dexter-agent-finance	main
MaTriXy/remotion-codex	main
MaTriXy/Openstatus-Skills-for-Agents	main
MaTriXy/stitch-skills	main
MaTriXy/Claude-Code-Custom-Plugins	main
MaTriXy/human-skill	main
MaTriXy/skills-ElevenLabs	main
MaTriXy/webgpu-claude-skill	main
MaTriXy/platform-design-skills	main
MaTriXy/openclaw-banker-skills	main
MaTriXy/ClaudeMeter	main
MaTriXy/agent-browser-skill	main
MaTriXy/last30days-skill	main
MaTriXy/skills-heygen-api	master
MaTriXy/qmd-skill	main
MaTriXy/open-claude-cowork	master
MaTriXy/Claude-Code-Beads-Orchestration	main
MaTriXy/remotion-skills	main
MaTriXy/skills	main
MaTriXy/ui-skills-agents	main
MaTriXy/agentation	main
MaTriXy/claude-skills-library	main
MaTriXy/claude-workflow	main
MaTriXy/x-algo-skills	main
MaTriXy/threejs-skills	main
MaTriXy/claude-skills	main
MaTriXy/generate-shortcuts-skill	main
MaTriXy/claude-bootstrap	main
MaTriXy/n8n-skills	main
MaTriXy/Continuous-Claude-v2	main
MaTriXy/ui-ux-pro-max-skill	main
MaTriXy/claude-mem	main
MaTriXy/skills-huggingface	main
